<?xml version="1.0" encoding="UTF-8"?>
<jcr:root xmlns:sling="http://sling.apache.org/jcr/sling/1.0" xmlns:cq="http://www.day.com/jcr/cq/1.0" xmlns:jcr="http://www.jcp.org/jcr/1.0" xmlns:nt="http://www.jcp.org/jcr/nt/1.0"
    jcr:primaryType="cq:Page">
    <jcr:content
        cq:designPath="/etc/designs/vodafone"
        cq:lastModified="{Date}2016-01-17T11:37:06.092+01:00"
        cq:lastModifiedBy="admin"
        cq:template="/apps/vodafone/templates/contentpage"
        jcr:primaryType="cq:PageContent"
        jcr:title="Phones"
        sling:resourceType="vodafone/components/page/contentpage">
        <par
            jcr:primaryType="nt:unstructured"
            sling:resourceType="foundation/components/parsys">
            <shopslide
                jcr:created="{Date}2016-01-17T11:30:45.294+01:00"
                jcr:createdBy="admin"
                jcr:lastModified="{Date}2016-01-17T11:35:20.100+01:00"
                jcr:lastModifiedBy="admin"
                jcr:primaryType="nt:unstructured"
                sling:resourceType="vodafone/components/shopslide"
                accessories1="[,,]"
                accessories2="[,,]"
                accessories3="[,,]"
                accessories4="[,,]"
                phone1="/content/vodafone-ie/shop/mobile/phones/iphone-6"
                phone2="/content/vodafone-ie/shop/mobile/phones/sony-xperia-z5-premium"
                phone3="/content/vodafone-ie/shop/mobile/phones/samsung-galaxy-s6"
                phone4="/content/vodafone-ie/shop/mobile/phones/vodafone-smart-prime-6"/>
            <shopslide_831770966
                jcr:created="{Date}2016-01-17T11:35:35.090+01:00"
                jcr:createdBy="admin"
                jcr:lastModified="{Date}2016-01-17T11:37:06.090+01:00"
                jcr:lastModifiedBy="admin"
                jcr:primaryType="nt:unstructured"
                sling:resourceType="vodafone/components/shopslide"
                accessories1="[,,]"
                accessories2="[,,]"
                accessories3="[,,]"
                accessories4="[,,]"
                phone1="/content/vodafone-ie/shop/mobile/phones/sony-xperia-z5-premium"
                phone2="/content/vodafone-ie/shop/mobile/phones/iphone-6"
                phone3="/content/vodafone-ie/shop/mobile/phones/samsung-galaxy-s6"
                phone4="/content/vodafone-ie/shop/mobile/phones/vodafone-smart-prime-6"/>
        </par>
    </jcr:content>
    <samsung-galaxy-s6/>
    <iphone-6/>
    <vodafone-smart-ultra-6-anthracite/>
    <vodafone-smart-prime-6/>
    <sony-xperia-z5-premium/>
    <htc-one-m8s/>
</jcr:root>
