<?xml version="1.0" encoding="UTF-8"?>
<jcr:root xmlns:sling="http://sling.apache.org/jcr/sling/1.0" xmlns:jcr="http://www.jcp.org/jcr/1.0" xmlns:nt="http://www.jcp.org/jcr/nt/1.0"
    jcr:primaryType="sling:OrderedFolder">
    <jcr:content jcr:primaryType="nt:unstructured">
        <folderThumbnail/>
    </jcr:content>
    <galaxy5-half.png/>
    <video-background-00.jpg/>
    <video-background-lumia-950.jpg/>
    <sim-red.png/>
    <video-background-iphone.jpg/>
    <lumia-950-half.png/>
    <i-phone6-half.png/>
</jcr:root>
