<?xml version="1.0" encoding="UTF-8"?>
<jcr:root xmlns:sling="http://sling.apache.org/jcr/sling/1.0" xmlns:cq="http://www.day.com/jcr/cq/1.0" xmlns:jcr="http://www.jcp.org/jcr/1.0" xmlns:nt="http://www.jcp.org/jcr/nt/1.0"
    jcr:primaryType="sling:OrderedFolder">
    <jcr:content
        cq:lastReplicated="{Date}2016-01-15T18:18:14.823+01:00"
        cq:lastReplicatedBy="admin"
        cq:lastReplicationAction="Activate"
        jcr:mixinTypes="[cq:ReplicationStatus]"
        jcr:primaryType="nt:unstructured">
        <folderThumbnail/>
    </jcr:content>
    <sales__riding.jpg/>
    <sales__photograph.jpg/>
    <sales__ipad-keyboard.jpg/>
    <sales__woman.jpg/>
    <samsung-galaxy-s6-back-black.png/>
    <samsung-galaxy-s6-back-black-thumb.png/>
    <in_stock_now_free.png/>
    <samsung-galaxy-s6-back-gold-thumb.png/>
    <samsung-galaxy-s6-back-blue-thumb.png/>
    <samsung-galaxy-s6-back-blue.png/>
    <samsung-galaxy-s6-back-gold.png/>
    <samsung-galaxy-s6-back-white-thumb.png/>
    <samsung-galaxy-s6-back-white.png/>
    <samsung-galaxy-s6-front-black.png/>
    <samsung-galaxy-s6-front-black-thumb.png/>
    <samsung-galaxy-s6-front-gold-thumb.png/>
    <samsung-galaxy-s6-front-blue.png/>
    <samsung-galaxy-s6-front-gold.png/>
    <samsung-galaxy-s6-front-white.png/>
    <samsung-galaxy-s6-front-blue-thumb.png/>
    <samsung-galaxy-s6-front-white-thumb.png/>
    <samsung-galaxy-s6-side-blue.png/>
    <samsung-galaxy-s6-side-gold-thumb.png/>
    <samsung-galaxy-s6-side-black.png/>
    <samsung-galaxy-s6-side-white.png/>
    <samsung-galaxy-s6-side-gold.png/>
    <samsung-galaxy-s6-side-black-thumb.png/>
    <samsung-galaxy-s6-side-blue-thumb.png/>
    <samsung-galaxy-s6-side-white-thumb.png/>
    <star-8-xxl.png/>
    <hero__lady-on-chair.jpg/>
    <samsung-galaxy-s6-pdp-hello.jpg/>
    <sim__man_text.jpg/>
    <broadband__man-dog.jpg/>
    <HTC_One_M8_grey_small.png/>
    <Sony_Z5_Premium_Black_Small.png/>
    <phone__smart-prime-6.png/>
    <phone__vf-smart-ultra-6-anthracite.png/>
    <phone__iphone-6.png/>
    <phone__samsung-galaxy-s6.png/>
    <ws2-icon-font.woff/>
    <ws2-icon-font.eot/>
    <tag__switcher-badge.png/>
    <facebook-white.png/>
    <community-white.png/>
    <twitter-white.png/>
    <hero__moira.jpg/>
    <broadband__netflix.jpg/>
    <sim_reflection-640.jpg/>
    <tag_switcher-badge.png/>
    <sea.jpg/>
    <sea2.jpg/>
    <vodafone_default.jpg/>
	<top-up__5gb.jpg/>
    <my-app-large-640.jpg/>
    <roaming__couple.jpg/>
    <logo-white.png/>
    <star-white.png/>
    <world-white.png/>
    <top-up-white.png/>
    <download-white.png/>
    <apple-store.png/>
    <google-play.png/>
    <about-us_img_1.jpg/>
    <about-us_img_2.jpg/>
    <about-us_img_3.jpg/>
    <bg-top-page-about-us.jpg/>
</jcr:root>
